season,Unnamed: 0,movie,studio,gross,release,time
Q1 2013,8569,Oz the Great and Powerful,Walt Disney Studios Motion Pictures,232613195.0,2013-03-08,2013-03-31
Q1 2013,8574,The Croods,Twentieth Century Fox,187168425.0,2013-03-22,2013-03-31
Q1 2013,8579,Identity Thief,Universal Pictures,134506920.0,2013-02-08,2013-03-31
Q1 2013,8582,G.I. Joe: Retaliation,Paramount Pictures,122523060.0,2013-03-28,2013-03-31
Q1 2013,8593,Olympus Has Fallen,FilmDistrict,98925640.0,2013-03-22,2013-03-31
Q1 2013,8608,Mama,Universal Pictures,71628180.0,2013-01-18,2013-03-31
Q1 2013,8609,Safe Haven,Relativity Media,71349120.0,2013-02-14,2013-03-31
Q1 2013,8614,A Good Day to Die Hard,Twentieth Century Fox,67349198.0,2013-02-14,2013-03-31
Q1 2013,8615,Warm Bodies,Lionsgate,66380662.0,2013-02-01,2013-03-31
Q1 2013,8616,Jack the Giant Slayer,Warner Bros.,65187603.0,2013-03-01,2013-03-31
Q1 2013,8622,Escape from Planet Earth,The Weinstein Company,57012977.0,2013-02-15,2013-03-31
Q1 2013,8623,Hansel & Gretel: Witch Hunters,Paramount Pictures,55703475.0,2013-01-25,2013-03-31
Q1 2013,8627,Temptation: Confessions of a Marriage Counselor,Lionsgate,51975354.0,2013-03-29,2013-03-31
Q1 2013,8631,Gangster Squad,Warner Bros.,46000903.0,2013-01-11,2013-03-31
Q1 2013,8638,Snitch,Lionsgate,42930462.0,2013-02-22,2013-03-31
Q1 2013,8641,A Haunted House,Open Road Films (II),40041683.0,2013-01-11,2013-03-31
Q1 2013,8646,Texas Chainsaw 3D,Lionsgate,34341945.0,2013-01-04,2013-03-31
Q1 2013,8650,Side Effects,Open Road Films (II),32172757.0,2013-02-08,2013-03-31
Q1 2013,8660,The Host,Open Road Films (II),26627201.0,2013-03-29,2013-03-31
Q1 2013,8662,21 & Over,Relativity Media,25682380.0,2013-03-01,2013-03-31
Q1 2013,8667,The Incredible Burt Wonderstone,Warner Bros.,22537881.0,2013-03-15,2013-03-31
Q1 2013,8672,The Place Beyond the Pines,Focus Features,21403519.0,2013-03-29,2013-03-31
Q1 2013,8674,Broken City,Twentieth Century Fox,19701164.0,2013-01-18,2013-03-31
Q1 2013,8675,Beautiful Creatures,Warner Bros.,19452138.0,2013-02-14,2013-03-31
Q1 2013,8679,Quartet,The Weinstein Company,18390117.0,2013-01-11,2013-03-31
Q1 2013,8681,Admission,Focus Features,18007317.0,2013-03-22,2013-03-31
Q1 2013,8682,Parker,FilmDistrict,17616641.0,2013-01-25,2013-03-31
Q1 2013,8692,The Last Exorcism Part II,CBS Films,15179302.0,2013-03-01,2013-03-31
Q1 2013,8694,Spring Breakers,A24,14124284.0,2013-03-15,2013-03-31
Q1 2013,8698,The Last Stand,Lionsgate,12050299.0,2013-01-18,2013-03-31
Q1 2013,8700,Dead Man Down,FilmDistrict,10895295.0,2013-03-08,2013-03-31
Q1 2013,8703,Bullet to the Head,Warner Bros.,9489829.0,2013-02-01,2013-03-31
Q1 2013,8705,Movie 43,Relativity Media,8840453.0,2013-01-25,2013-03-31
Q1 2013,8715,Hubble 3D,Warner Bros.,52503602.0,2013-03-19,2013-03-31
Q1 2013,8735,Emperor,Roadside Attractions,3346265.0,2013-03-08,2013-03-31
Q1 2013,8736,Stand Up Guys,Lionsgate,3310031.0,2013-02-01,2013-03-31
Q1 2013,8738,Top Gun2013 3D Release,Paramount Pictures,3018873.0,2013-02-08,2013-03-31
Q1 2013,8744,The Sapphires,The Weinstein Company,2450867.0,2013-03-22,2013-03-31
Q1 2013,8746,The Gatekeepers,Sony Pictures Classics,2415727.0,2013-02-01,2013-03-31
Q1 2013,8749,No,Sony Pictures Classics,2343664.0,2013-02-15,2013-03-31
Q1 2013,8756,The Oscar Nominated Short Films 2013: Live Action,Shorts International,2142342.0,2013-02-01,2013-03-31
Q1 2013,8765,Girl Rising,GathrFilms,1690141.0,2013-03-07,2013-03-31
Q1 2013,8767,Stoker,Fox Searchlight Pictures,1714221.0,2013-03-01,2013-03-31
Q1 2013,8770,Race 2,UTV Motion Pictures,1579940.0,2013-01-25,2013-03-31
Q1 2013,8785,Under the Sea 3D,Warner Bros.,36223935.0,2013-02-13,2013-03-31
Q1 2013,8789,Kai po che!,UTV Motion Pictures,1122527.0,2013-02-22,2013-03-31
Q1 2013,8790,"Bless Me, Ultima",Arenas Entertainment,1561962.0,2013-02-22,2013-03-31
Q1 2013,8793,Phantom,RCR Distribution,1034589.0,2013-03-01,2013-03-31
Q1 2013,8794,Ginger & Rosa,A24,1012973.0,2013-03-15,2013-03-31
Q1 2013,8796,From Up on Poppy Hill,GKIDS,1002895.0,2013-03-15,2013-03-31
Q1 2013,8797,Lore,Music Box Films,970325.0,2013-02-08,2013-03-31
Q1 2013,8805,Deep Sea,Warner Bros.,46403478.0,2013-03-03,2013-03-31
Q1 2013,8831,New World,Well Go USA Entertainment,457806.0,2013-03-22,2013-03-31
Q1 2013,8832,Sound City,Variance Films,422853.0,2013-02-01,2013-03-31
Q1 2013,8844,Koch,Zeitgeist Films,342941.0,2013-02-01,2013-03-31
Q1 2013,8850,Camp,Freestyle Releasing,324977.0,2013-02-22,2013-03-31
Q1 2013,8859,Himmatwala,UTV Motion Pictures,270880.0,2013-03-29,2013-03-31
Q1 2013,8864,The Attacks of 26/11,Eros International,248346.0,2013-03-01,2013-03-31
Q1 2013,8867,A Place at the Table,Magnolia Pictures,231378.0,2013-03-01,2013-03-31
Q1 2013,8868,InAPPropriate Comedy,Freestyle Releasing,228004.0,2013-03-22,2013-03-31
Q1 2013,8870,ABCD (Any Body Can Dance),UTV Motion Pictures,222098.0,2013-02-08,2013-03-31
Q1 2013,8892,John Dies at the End,Magnolia Pictures,141951.0,2013-01-25,2013-03-31
Q1 2013,8910,Upside Down,Millennium Entertainment,105095.0,2013-03-15,2013-03-31
Q1 2013,8912,Stevie Nicks: In Your Dreams,Abramorama,103028.0,2013-03-31,2013-03-31
Q1 2013,8934,Don't Stop Believin': Everyman's Journey,Cinedigm Entertainment Group,61018.0,2013-03-08,2013-03-31
Q1 2013,8947,Leonie2013 Re-release,Monterey Media,53692.0,2013-03-15,2013-03-31
Q1 2013,8954,Table No. 21,Eros International,46720.0,2013-01-04,2013-03-31
Q1 2013,8957,Wrong,Drafthouse Films,46021.0,2013-03-29,2013-03-31
Q1 2013,8980,The Girl,Brainstorm Media,35048.0,2013-03-08,2013-03-31
Q1 2013,8991,Struck by Lightning,Tribeca Film,28378.0,2013-01-11,2013-03-31
Q1 2013,8992,A Fierce Green Fire,First Run,29635.0,2013-02-22,2013-03-31
Q1 2013,8998,The Sweeney,Entertainment One,26650.0,2013-03-01,2013-03-31
Q1 2013,9001,Language of a Broken Heart,House Lights Media,40293.0,2013-03-08,2013-03-31
Q1 2013,9002,The Power of Few,Steelyard Pictures,25000.0,2013-02-15,2013-03-31
Q1 2013,9004,Mumia: Long Distance Revolutionary,First Run,36883.0,2013-02-01,2013-03-31
Q1 2013,9007,Le Petit Soldat,Rialto Pictures,24296.0,2013-03-08,2013-03-31
Q1 2013,9013,The ABCs of Death,Magnolia Pictures,21832.0,2013-03-08,2013-03-31
Q1 2013,9015,Violeta Went to Heaven,Kino Lorber,21496.0,2013-03-29,2013-03-31
Q1 2013,9026,The Sorcerer and the White Snake2013 Re-release,Magnolia Pictures,18759.0,2013-02-08,2013-03-31
Q1 2013,9034,Mental,Dada Films,17669.0,2013-03-29,2013-03-31
Q1 2013,9043,Leviathan,The Cinema Guild,75215.0,2013-03-01,2013-03-31
Q1 2013,9059,Dorfman in Love,Brainstorm Media,13737.0,2013-03-22,2013-03-31
Q1 2013,9060,The Monk,ATO Pictures,13472.0,2013-03-08,2013-03-31
Q1 2013,9076,Greenwich Village: Music That Defined a Generation,Kino Lorber,22607.0,2013-01-18,2013-03-31
Q1 2013,9086,If I Were You,Kino Lorber,9432.0,2013-03-15,2013-03-31
Q1 2013,9098,M2013 Re-release,Kino Lorber,35415.0,2013-03-15,2013-03-31
Q1 2013,9104,The Silence2012 Re-release,Music Box Films,100214.0,2013-03-08,2013-03-31
Q1 2013,9105,Midget Zombie Takeover,Driving With Our Eyes Shut,10724.0,2013-02-08,2013-03-31
Q1 2013,9106,Girls Against Boys,Anchor Bay Films,7529.0,2013-02-01,2013-03-31
Q1 2013,9117,Brief Reunion,Striped Entertainment,6601.0,2013-01-18,2013-03-31
Q1 2013,9119,Night Across the Street,The Cinema Guild,16778.0,2013-02-08,2013-03-31
Q1 2013,9121,Hava Nagila: The Movie,International Film Circuit,370218.0,2013-03-01,2013-03-31
Q1 2013,9124,Le Pont du Nord,The Film Desk,16752.0,2013-03-22,2013-03-31
Q1 2013,9127,The End of Love,Variance Films,9302.0,2013-03-01,2013-03-31
Q1 2013,9129,Welcome to Pine Hill,Oscilloscope,6115.0,2013-03-01,2013-03-31
Q1 2013,9130,Rangrezz,UTV Motion Pictures,6108.0,2013-03-22,2013-03-31
Q1 2013,9134,A Bottle in the Gaza Sea,Film Movement,5872.0,2013-01-04,2013-03-31
Q1 2013,9136,A Dark Truth,Magnolia Pictures,5750.0,2013-01-04,2013-03-31
Q1 2013,9144,Supporting Characters,Tribeca Film,4917.0,2013-01-25,2013-03-31
Q1 2013,9160,The Kitchen,Monterey Media,4054.0,2013-03-08,2013-03-31
Q1 2013,9163,Putin's Kiss,Kino Lorber,9144.0,2013-02-17,2013-03-31
Q1 2013,9165,"High Tech, Low Life",Argot Pictures,3836.0,2013-01-09,2013-03-31
Q1 2013,9183,Let My People Go!,Zeitgeist Films,12261.0,2013-01-11,2013-03-31
Q1 2013,9185,11 Flowers,First Run,9037.0,2013-02-22,2013-03-31
Q1 2013,9192,Come Out and Play,Cinedigm Entertainment Group,2638.0,2013-03-22,2013-03-31
Q1 2013,9196,Somebody Up There Likes Me,Tribeca Film,88632.0,2013-03-08,2013-03-31
Q1 2013,9199,Almost in Love,Argot Pictures,2510.0,2013-02-15,2013-03-31
Q1 2013,9207,Red Flag,Tribeca Film,2075.0,2013-02-22,2013-03-31
Q1 2013,9208,Rubberneck,Tribeca Film,2075.0,2013-02-22,2013-03-31
Q1 2013,9213,Ferlinghetti: A Rebirth of Wonder,First Run,3821.0,2013-02-08,2013-03-31
Q1 2013,9215,You Don't Need Feet to Dance,First Run,1719.0,2013-03-22,2013-03-31
Q1 2013,9218,The Package,Anchor Bay Films,1469.0,2013-02-15,2013-03-31
Q1 2013,9219,Officer Down,Anchor Bay Films,1463.0,2013-01-18,2013-03-31
Q1 2013,9241,"The Devil, Probably",The Film Desk,26210.0,2013-01-13,2013-03-31
Q1 2013,9244,56 Up,First Run,696700.0,2013-01-04,2013-03-31
Q1 2013,9250,The Long Day Closes,The Film Desk,22366.0,2013-03-05,2013-03-31
Q1 2013,9252,Monsieur Verdoux,The Film Desk,63643.0,2013-03-14,2013-03-31
Q1 2013,9254,The Turin Horse,The Cinema Guild,56298.0,2013-02-10,2013-03-31
Q1 2013,9262,Storage 24,Magnolia Pictures,72.0,2013-01-18,2013-03-31
Q2 2013,8561,Iron Man 3,Walt Disney Studios Motion Pictures,406609688.0,2013-05-03,2013-06-30
Q2 2013,8564,Man of Steel,Warner Bros.,291045518.0,2013-06-14,2013-06-30
Q2 2013,8565,Monsters University,Walt Disney Studios Motion Pictures,268492764.0,2013-06-21,2013-06-30
Q2 2013,8568,Fast & Furious 6,Universal Pictures,238679850.0,2013-05-24,2013-06-30
Q2 2013,8570,Star Trek Into Darkness,Paramount Pictures,228778661.0,2013-05-16,2013-06-30
Q2 2013,8572,World War Z,Paramount Pictures,202359711.0,2013-06-21,2013-06-30
Q2 2013,8575,The Heat,Twentieth Century Fox,159582188.0,2013-06-28,2013-06-30
Q2 2013,8577,The Great Gatsby,Warner Bros.,144840419.0,2013-05-10,2013-06-30
Q2 2013,8583,Now You See Me,Lionsgate,117723989.0,2013-05-31,2013-06-30
Q2 2013,8586,The Hangover Part III,Warner Bros.,112200072.0,2013-05-23,2013-06-30
Q2 2013,8587,Epic,Twentieth Century Fox,107518682.0,2013-05-24,2013-06-30
Q2 2013,8592,This Is the End,Sony Pictures Releasing,101470202.0,2013-06-12,2013-06-30
Q2 2013,8594,42,Warner Bros.,95020213.0,2013-04-12,2013-06-30
Q2 2013,8599,Oblivion,Universal Pictures,89107235.0,2013-04-19,2013-06-30
Q2 2013,8607,White House Down,Sony Pictures Releasing,73103784.0,2013-06-28,2013-06-30
Q2 2013,8617,The Purge,Universal Pictures,64473115.0,2013-06-07,2013-06-30
Q2 2013,8621,After Earth,Sony Pictures Releasing,60522097.0,2013-05-31,2013-06-30
Q2 2013,8629,Pain & Gain,Paramount Pictures,49875291.0,2013-04-26,2013-06-30
Q2 2013,8632,Jurassic Park2013 Re-release,Universal Pictures,45385935.0,2013-04-05,2013-06-30
Q2 2013,8634,The Internship,Twentieth Century Fox,44672764.0,2013-06-07,2013-06-30
Q2 2013,8668,The Big Wedding,Lionsgate,21819348.0,2013-04-26,2013-06-30
Q2 2013,8669,Mud,Roadside Attractions,21590086.0,2013-04-26,2013-06-30
Q2 2013,8704,Peeples,Lionsgate,9177065.0,2013-05-10,2013-06-30
Q2 2013,8721,The Bling Ring,A24,5831740.0,2013-06-14,2013-06-30
Q2 2013,8727,The Company You Keep,Sony Pictures Classics,5133027.0,2013-04-05,2013-06-30
Q2 2013,8729,20 Feet from Stardom,RADiUS-TWC,4946445.0,2013-06-14,2013-06-30
Q2 2013,8732,Much Ado About Nothing,Roadside Attractions,4328849.0,2013-06-07,2013-06-30
Q2 2013,8733,Yeh Jawaani Hai Deewani,Eros International,3827466.0,2013-05-31,2013-06-30
Q2 2013,8740,Filly Brown,Lionsgate,2850357.0,2013-04-19,2013-06-30
Q2 2013,8742,Space Station 3D,IMAX,93379882.0,2013-04-19,2013-06-30
Q2 2013,8745,To the Arctic 3D,Warner Bros.,14553890.0,2013-04-20,2013-06-30
Q2 2013,8750,Trance,Fox Searchlight Pictures,2328743.0,2013-04-05,2013-06-30
Q2 2013,8751,The East,Fox Searchlight Pictures,2301839.0,2013-05-31,2013-06-30
Q2 2013,8760,The Iceman,Millennium Entertainment,1969193.0,2013-05-03,2013-06-30
Q2 2013,8764,Fill the Void,Sony Pictures Classics,1775316.0,2013-05-24,2013-06-30
Q2 2013,8766,The Attack,Cohen Media Group,1720325.0,2013-06-21,2013-06-30
Q2 2013,8768,Unfinished Song,The Weinstein Company,1702668.0,2013-06-21,2013-06-30
Q2 2013,8769,Love Is All You Need,Sony Pictures Classics,1631709.0,2013-05-03,2013-06-30
Q2 2013,8771,Beasts of the Southern Wild,Fox Searchlight Pictures,12795746.0,2013-06-27,2013-06-30
Q2 2013,8773,Kon-Tiki,The Weinstein Company,1517410.0,2013-04-26,2013-06-30
Q2 2013,8775,Disconnect,LD Entertainment,1436900.0,2013-04-12,2013-06-30
Q2 2013,8777,I'm So Excited!,Sony Pictures Classics,1368119.0,2013-06-28,2013-06-30
Q2 2013,8781,The Kings of Summer,CBS Films,1315590.0,2013-05-31,2013-06-30
Q2 2013,8783,Born to Be Wild,Warner Bros.,25921547.0,2013-04-08,2013-06-30
Q2 2013,8784,Stories We Tell,Roadside Attractions,1600145.0,2013-05-10,2013-06-30
Q2 2013,8787,The Lords of Salem,Anchor Bay Films,1165882.0,2013-04-19,2013-06-30
Q2 2013,8791,What Maisie Knew,Millennium Entertainment,1066471.0,2013-05-03,2013-06-30
Q2 2013,8803,Raanjhanaa,Eros International,903232.0,2013-06-21,2013-06-30
Q2 2013,8810,Hannah Arendt,Zeitgeist Films,717205.0,2013-05-29,2013-06-30
Q2 2013,8818,To the Wonder,Magnolia Pictures,587615.0,2013-04-12,2013-06-30
Q2 2013,8825,Scatter My Ashes at Bergdorf's,Entertainment One,518342.0,2013-05-03,2013-06-30
Q2 2013,8834,A Hijacking,Magnolia Pictures,414437.0,2013-06-21,2013-06-30
Q2 2013,8837,In the House,Cohen Media Group,389757.0,2013-04-19,2013-06-30
Q2 2013,8839,At Any Price,Sony Pictures Classics,380594.0,2013-04-24,2013-06-30
Q2 2013,8841,Shootout at Wadala,Eros International,369573.0,2013-05-03,2013-06-30
Q2 2013,8853,Not Today,Freestyle Releasing,318121.0,2013-04-12,2013-06-30
Q2 2013,8856,Go Goa Gone,Eros International,298457.0,2013-05-10,2013-06-30
Q2 2013,8862,Meerkats,National Geographic Entertainment,777595.0,2013-05-26,2013-06-30
Q2 2013,8872,Arthur Newman,Cinedigm Entertainment Group,207853.0,2013-04-26,2013-06-30
Q2 2013,8874,Ghanchakkar,UTV Motion Pictures,203044.0,2013-06-28,2013-06-30
Q2 2013,8875,No Place on Earth,Magnolia Pictures,200238.0,2013-04-05,2013-06-30
Q2 2013,8876,Free Angela and All Political Prisoners,Codeblack Entertainment,194102.0,2013-04-05,2013-06-30
Q2 2013,8881,Somm,The Samuel Goldwyn Company,174197.0,2013-06-21,2013-06-30
Q2 2013,8882,"Cinco de Mayo, La Batalla",Lionsgate,173472.0,2013-05-03,2013-06-30
Q2 2013,8884,Copperhead,Film Collective,171740.0,2013-06-28,2013-06-30
Q2 2013,8886,We Steal Secrets: The Story of WikiLeaks,Focus World,166243.0,2013-05-24,2013-06-30
Q2 2013,8890,Rangeelay,Eros International,148418.0,2013-05-17,2013-06-30
Q2 2013,8895,Fists of Legend,CJ Entertainment,134213.0,2013-04-12,2013-06-30
Q2 2013,8899,A Band Called Death,Drafthouse Films,127257.0,2013-06-28,2013-06-30
Q2 2013,8901,Fukrey,Excel Entertainment,125279.0,2013-06-14,2013-06-30
Q2 2013,8904,Lost and Found in Armenia,High Top Releasing,122305.0,2013-06-07,2013-06-30
Q2 2013,8906,Ek Thi Daayan,Eros International,112135.0,2013-04-19,2013-06-30
Q2 2013,8915,Shadow Dancer,Magnolia Pictures,100616.0,2013-05-31,2013-06-30
Q2 2013,8921,Settai,UTV Motion Pictures,87838.0,2013-04-05,2013-06-30
Q2 2013,8927,No One Lives,Anchor Bay Films,74918.0,2013-05-10,2013-06-30
Q2 2013,8935,It's a Disaster,Oscilloscope,60818.0,2013-04-12,2013-06-30
Q2 2013,8944,More Than Honey,Kino Lorber,79402.0,2013-06-12,2013-06-30
Q2 2013,8950,The Intouchables,The Weinstein Company,10198820.0,2013-05-25,2013-06-30
Q2 2013,8951,Venus and Serena,Magnolia Pictures,51271.0,2013-05-10,2013-06-30
Q2 2013,8956,Wish You Were Here2013 Re-release,Entertainment One,46347.0,2013-06-07,2013-06-30
Q2 2013,8963,Un Flic,Rialto Pictures,48040.0,2013-04-19,2013-06-30
Q2 2013,8976,Redemption,Roadside Attractions,36895.0,2013-06-28,2013-06-30
Q2 2013,8979,Tai Chi 2: The Hero Rises,Well Go USA Entertainment,35067.0,2013-04-26,2013-06-30
Q2 2013,8990,Dead Man's Burden,Cinedigm Entertainment Group,29634.0,2013-05-03,2013-06-30
Q2 2013,8995,Tiger Eyes,Freestyle Releasing,27160.0,2013-06-07,2013-06-30
Q2 2013,8996,Five Broken Cameras,Kino Lorber,102579.0,2013-05-30,2013-06-30
Q2 2013,9003,Graceland,Drafthouse Films,24529.0,2013-04-26,2013-06-30
Q2 2013,9006,Brave,Walt Disney Studios Motion Pictures,237283207.0,2013-06-22,2013-06-30
Q2 2013,9011,Pieta,Drafthouse Films,22080.0,2013-05-17,2013-06-30
Q2 2013,9014,Évocateur: The Morton Downey Jr. Movie,Magnolia Pictures,21652.0,2013-06-07,2013-06-30
Q2 2013,9017,The Painting,GKIDS,21008.0,2013-05-10,2013-06-30
Q2 2013,9025,Nostalgia,Kino Lorber,18846.0,2013-05-31,2013-06-30
Q2 2013,9028,Four Bags Full,Rialto Pictures,18297.0,2013-05-24,2013-06-30
Q2 2013,9036,Post Tenebras Lux,Strand Releasing,37688.0,2013-05-01,2013-06-30
Q2 2013,9038,Violet & Daisy,Cinedigm Entertainment Group,17186.0,2013-06-07,2013-06-30
Q2 2013,9039,Bill W.,Page 124 Productions,786506.0,2013-05-18,2013-06-30
Q2 2013,9047,Storm Surfers 3D,XLrator Media,38472.0,2013-04-26,2013-06-30
Q2 2013,9050,Kiss of the Damned,Magnolia Pictures,14752.0,2013-05-03,2013-06-30
Q2 2013,9052,The Wall,Music Box Films,34443.0,2013-05-31,2013-06-30
Q2 2013,9053,A Wedding Invitation,CJ Entertainment,14350.0,2013-05-24,2013-06-30
Q2 2013,9056,The United States of Autism,Janson Media,96366.0,2013-04-05,2013-06-30
Q2 2013,9065,Andre Gregory: Before and After Dinner,The Cinema Guild,42219.0,2013-04-03,2013-06-30
Q2 2013,9066,La Camioneta: The Journey of One American School Bus,Follow Your Nose Films,17616.0,2013-05-31,2013-06-30
Q2 2013,9072,So Young,China Lion Film Distribution,11186.0,2013-06-14,2013-06-30
Q2 2013,9074,Greetings from Tim Buckley,Tribeca Film,11157.0,2013-05-03,2013-06-30
Q2 2013,9078,Evil Intent,Driving With Our Eyes Shut,10454.0,2013-06-29,2013-06-30
Q2 2013,9080,An Oversimplification of Her Beauty,Variance Films,71906.0,2013-04-26,2013-06-30
Q2 2013,9088,Looking for Maria Sanchez,Vanguardia Films,9338.0,2013-06-14,2013-06-30
Q2 2013,9096,Hello Herman,Freestyle Releasing,8437.0,2013-06-07,2013-06-30
Q2 2013,9107,Desperate Acts of Magic,Gold Cap Films,7373.0,2013-05-03,2013-06-30
Q2 2013,9112,The Brass Teapot,Magnolia Pictures,6997.0,2013-04-05,2013-06-30
Q2 2013,9113,Assaulted: Civil Rights Under Fire,High Top Releasing,6905.0,2013-06-20,2013-06-30
Q2 2013,9115,Made in Cleveland,Striped Entertainment,10276.0,2013-06-21,2013-06-30
Q2 2013,9120,Down the Shore,Anchor Bay Films,6558.0,2013-04-05,2013-06-30
Q2 2013,9125,Ain't in It for My Health: A Film About Levon Helm,Kino Lorber,110201.0,2013-04-19,2013-06-30
Q2 2013,9128,Kumaré,Kino Lorber,131909.0,2013-06-20,2013-06-30
Q2 2013,9133,The Playroom,Freestyle Releasing,5964.0,2013-04-05,2013-06-30
Q2 2013,9138,The Guillotines,Well Go USA Entertainment,5290.0,2013-06-14,2013-06-30
Q2 2013,9141,You Ain't Seen Nothin' Yet,Kino Lorber,18527.0,2013-06-07,2013-06-30
Q2 2013,9154,Pawn,Anchor Bay Films,4141.0,2013-04-19,2013-06-30
Q2 2013,9164,Bert Stern: Original Madman,First Run,33541.0,2013-04-05,2013-06-30
Q2 2013,9167,One Track Heart: The Story of Krishna Das,Zeitgeist Films,96197.0,2013-05-08,2013-06-30
Q2 2013,9169,Le Amiche,The Film Desk,68167.0,2013-06-18,2013-06-30
Q2 2013,9171,Deceptive Practice: The Mysteries and Mentors of Ricky Jay,Kino Lorber,152499.0,2013-04-17,2013-06-30
Q2 2013,9173,The Stroller Strategy,Rialto Pictures,3462.0,2013-06-14,2013-06-30
Q2 2013,9176,Axe Giant: The Wrath of Paul Bunyan,Cinema Purgatorio,3287.0,2013-05-31,2013-06-30
Q2 2013,9190,What Richard Did,Tribeca Film,2749.0,2013-05-10,2013-06-30
Q2 2013,9194,In the Fog,Strand Releasing,10719.0,2013-06-14,2013-06-30
Q2 2013,9202,The History of Future Folk,Variance Films,15767.0,2013-05-31,2013-06-30
Q2 2013,9204,The Happy House,First Run,2311.0,2013-05-03,2013-06-30
Q2 2013,9211,The Day He Arrives,The Cinema Guild,13644.0,2013-04-20,2013-06-30
Q2 2013,9212,Detention of the Dead,Anchor Bay Films,1777.0,2013-06-28,2013-06-30
Q2 2013,9214,Downloaded,Abramorama,7134.0,2013-06-21,2013-06-30
Q2 2013,9216,We Won't Grow Old Together,The Film Desk,13927.0,2013-06-08,2013-06-30
Q2 2013,9223,Free the Mind,International Film Circuit,155748.0,2013-05-03,2013-06-30
Q2 2013,9229,Le combat dans l'île,The Film Desk,49545.0,2013-06-12,2013-06-30
Q2 2013,9237,How to Make Money Selling Drugs,Tribeca Film,37706.0,2013-06-26,2013-06-30
Q2 2013,9240,Summer2011 Re-release,The Film Desk,43323.0,2013-06-09,2013-06-30
Q2 2013,9248,Into the White2013 Re-release,Magnolia Pictures,704.0,2013-04-12,2013-06-30
Q2 2013,9249,Syrup,Magnolia Pictures,663.0,2013-06-07,2013-06-30
Q2 2013,9257,Triumph of the Wall,First Run,476.0,2013-05-31,2013-06-30
Q3 2013,8563,Despicable Me 2,Universal Pictures,368065385.0,2013-07-03,2013-09-30
Q3 2013,8576,We're the Millers,Warner Bros.,150394119.0,2013-08-07,2013-09-30
Q3 2013,8578,The Conjuring,Warner Bros.,137400141.0,2013-07-19,2013-09-30
Q3 2013,8580,Grown Ups 2,Sony Pictures Releasing,133668525.0,2013-07-12,2013-09-30
Q3 2013,8581,The Wolverine,Twentieth Century Fox,132556852.0,2013-07-26,2013-09-30
Q3 2013,8584,Cloudy with a Chance of Meatballs 2,Sony Pictures Releasing,119793567.0,2013-09-27,2013-09-30
Q3 2013,8585,Lee Daniels' The Butler,The Weinstein Company,116632095.0,2013-08-16,2013-09-30
Q3 2013,8590,Pacific Rim,Warner Bros.,101802906.0,2013-07-12,2013-09-30
Q3 2013,8600,Planes,Walt Disney Studios Motion Pictures,90288712.0,2013-08-09,2013-09-30
Q3 2013,8601,The Lone Ranger,Walt Disney Studios Motion Pictures,89302115.0,2013-07-03,2013-09-30
Q3 2013,8602,Insidious: Chapter 2,FilmDistrict,83586447.0,2013-09-13,2013-09-30
Q3 2013,8603,Turbo,Twentieth Century Fox,83028128.0,2013-07-17,2013-09-30
Q3 2013,8605,2 Guns,Universal Pictures,75612460.0,2013-08-02,2013-09-30
Q3 2013,8610,The Smurfs 2,Sony Pictures Releasing,71017784.0,2013-07-31,2013-09-30
Q3 2013,8612,Percy Jackson: Sea of Monsters,Twentieth Century Fox,68540619.0,2013-08-07,2013-09-30
Q3 2013,8620,Prisoners,Warner Bros.,61002302.0,2013-09-20,2013-09-30
Q3 2013,8626,RED 2,Lionsgate,53262560.0,2013-07-19,2013-09-30
Q3 2013,8635,Instructions Not Included,Lionsgate,44467206.0,2013-08-30,2013-09-30
Q3 2013,8639,Riddick,Universal Pictures,42025135.0,2013-09-06,2013-09-30
Q3 2013,8644,The Family,Relativity Media,36918811.0,2013-09-13,2013-09-30
Q3 2013,8647,R.I.P.D.,Universal Pictures,33618855.0,2013-07-19,2013-09-30
Q3 2013,8649,Kevin Hart: Let Me Explain,Lionsgate,32244051.0,2013-07-03,2013-09-30
Q3 2013,8653,The Mortal Instruments: City of Bones,Screen Gems,31165421.0,2013-08-21,2013-09-30
Q3 2013,8656,Kick-Ass 2,Universal Pictures,28795985.0,2013-08-16,2013-09-30
Q3 2013,8659,Rush,Universal Pictures,26947624.0,2013-09-20,2013-09-30
Q3 2013,8661,The World's End,Focus Features,26004851.0,2013-08-23,2013-09-30
Q3 2013,8664,Don Jon,Relativity Media,24477704.0,2013-09-27,2013-09-30
Q3 2013,8670,Baggage Claim,Fox Searchlight Pictures,21565089.0,2013-09-27,2013-09-30
Q3 2013,8671,The Way Way Back,Fox Searchlight Pictures,21506546.0,2013-07-05,2013-09-30
Q3 2013,8677,You're Next,Lionsgate,18494006.0,2013-08-23,2013-09-30
Q3 2013,8683,Enough Said,Fox Searchlight Pictures,17517110.0,2013-09-18,2013-09-30
Q3 2013,8688,Jobs,Open Road Films (II),16131410.0,2013-08-16,2013-09-30
Q3 2013,8689,Fruitvale Station,The Weinstein Company,16101339.0,2013-07-12,2013-09-30
Q3 2013,8702,Getaway,Warner Bros.,10501938.0,2013-08-30,2013-09-30
Q3 2013,8706,Battle of the Year,Screen Gems,8888355.0,2013-09-20,2013-09-30
Q3 2013,8708,Paranoia,Relativity Media,7388654.0,2013-08-16,2013-09-30
Q3 2013,8712,The Spectacular Now,A24,6850918.0,2013-08-02,2013-09-30
Q3 2013,8713,The Grandmaster,The Weinstein Company,6594959.0,2013-08-23,2013-09-30
Q3 2013,8717,Blue Jasmine,Sony Pictures Classics,33405481.0,2013-07-26,2013-09-30
Q3 2013,8722,Closed Circuit,Focus Features,5750401.0,2013-08-28,2013-09-30
Q3 2013,8723,The Wizard of Oz2013 3D/IMAX Release,Warner Bros.,5633202.0,2013-09-20,2013-09-30
Q3 2013,8724,Chennai Express,UTV Motion Pictures,5307960.0,2013-08-08,2013-09-30
Q3 2013,8734,The To Do List,CBS Films,3491669.0,2013-07-26,2013-09-30
Q3 2013,8739,In a World...,Roadside Attractions,2963902.0,2013-08-09,2013-09-30
Q3 2013,8748,Hotel Transylvania,Sony Pictures Releasing,148313048.0,2013-09-28,2013-09-30
Q3 2013,8757,Blackfish,Magnolia Pictures,2073582.0,2013-07-19,2013-09-30
Q3 2013,8776,Girl Most Likely,Roadside Attractions,1378591.0,2013-07-19,2013-09-30
Q3 2013,8779,The Ultimate Life,High Top Releasing,1327841.0,2013-09-06,2013-09-30
Q3 2013,8780,Wadjda,Sony Pictures Classics,1347747.0,2013-09-13,2013-09-30
Q3 2013,8786,Inequality for All,RADiUS-TWC,1205273.0,2013-09-27,2013-09-30
Q3 2013,8792,Thanks for Sharing,Roadside Attractions,1065881.0,2013-09-20,2013-09-30
Q3 2013,8795,Short Term 12,Cinedigm Entertainment Group,1008984.0,2013-08-23,2013-09-30
Q3 2013,8804,Generation Iron,The Vladar Company,849521.0,2013-09-20,2013-09-30
Q3 2013,8807,Only God Forgives,RADiUS-TWC,779188.0,2013-07-19,2013-09-30
Q3 2013,8809,Satyagraha,UTV Motion Pictures,738525.0,2013-08-30,2013-09-30
Q3 2013,8811,Searching for Sugar Man,Sony Pictures Classics,3696196.0,2013-07-27,2013-09-30
Q3 2013,8813,Muscle Shoals,Magnolia Pictures,696241.0,2013-09-27,2013-09-30
Q3 2013,8815,Bhaag Milkha Bhaag,Reliance Big Pictures,647112.0,2013-07-12,2013-09-30
Q3 2013,8816,The Hunt,Magnolia Pictures,613308.0,2013-07-12,2013-09-30
Q3 2013,8821,Salinger,The Weinstein Company,583633.0,2013-09-06,2013-09-30
Q3 2013,8822,Lootera,Eros International,581813.0,2013-07-03,2013-09-30
Q3 2013,8823,Pitch Perfect,Universal Pictures,65001093.0,2013-09-28,2013-09-30
Q3 2013,8833,The Perks of Being a Wallflower,Lionsgate,17742948.0,2013-09-21,2013-09-30
Q3 2013,8835,Grand Masti,Eros International,413903.0,2013-09-13,2013-09-30
Q3 2013,8836,Phata Poster Nikhla Hero,Eros International,410526.0,2013-09-20,2013-09-30
Q3 2013,8842,Lovelace,RADiUS-TWC,356582.0,2013-08-09,2013-09-30
Q3 2013,8843,Drinking Buddies,Magnolia Pictures,343341.0,2013-08-23,2013-09-30
Q3 2013,8855,The Master,The Weinstein Company,16258724.0,2013-09-14,2013-09-30
Q3 2013,8865,End of Watch,Open Road Films (II),41003371.0,2013-09-21,2013-09-30
Q3 2013,8866,When Comedy Went to School,International Film Circuit,367371.0,2013-07-31,2013-09-30
Q3 2013,8871,Haute Cuisine,The Weinstein Company,217883.0,2013-09-20,2013-09-30
Q3 2013,8873,Prince Avalanche,Magnolia Pictures,205139.0,2013-08-09,2013-09-30
Q3 2013,8879,Ice Age: Continental Drift,Twentieth Century Fox,161321843.0,2013-07-13,2013-09-30
Q3 2013,8880,Populaire,The Weinstein Company,179091.0,2013-09-06,2013-09-30
Q3 2013,8887,On the Job,Well Go USA Entertainment,164620.0,2013-09-27,2013-09-30
Q3 2013,8889,The Patience Stone,Sony Pictures Classics,148671.0,2013-08-14,2013-09-30
Q3 2013,8893,Good Ol' Freda,Magnolia Pictures,138811.0,2013-09-06,2013-09-30
Q3 2013,8898,Afternoon Delight,The Film Arcade,174496.0,2013-08-30,2013-09-30
Q3 2013,8900,Europa Report,Magnolia Pictures,125687.0,2013-08-02,2013-09-30
Q3 2013,8909,Big Star: Nothing Can Hurt Me,Magnolia Pictures,105998.0,2013-07-03,2013-09-30
Q3 2013,8913,Thérèse,MPI Media Group,101944.0,2013-08-23,2013-09-30
Q3 2013,8918,The Investigator,Gabriel's Messenger Films,93690.0,2013-09-13,2013-09-30
Q3 2013,8919,Finding Nemo2012 3D Release,Walt Disney Studios Motion Pictures,41128283.0,2013-09-14,2013-09-30
Q3 2013,8923,The Rooftop,Well Go USA Entertainment,85755.0,2013-07-19,2013-09-30
Q3 2013,8924,We Are What We Are,Entertainment One,81381.0,2013-09-27,2013-09-30
Q3 2013,8930,The Waiting Room,International Film Circuit,243717.0,2013-09-26,2013-09-30
Q3 2013,8931,My Lucky Star,China Lion Film Distribution,64432.0,2013-09-20,2013-09-30
Q3 2013,8932,Winnie Mandela,Image Entertainment,61847.0,2013-09-06,2013-09-30
Q3 2013,8938,The Wicker Man2013 Re-release,Rialto Pictures,60891.0,2013-09-27,2013-09-30
Q3 2013,8941,Bajatey Raho,Eros International,55397.0,2013-07-26,2013-09-30
Q3 2013,8942,C.O.G.,Screen Media Films,55301.0,2013-09-20,2013-09-30
Q3 2013,8952,Passion,Entertainment One,92181.0,2013-08-30,2013-09-30
Q3 2013,8953,GMO OMG,Submarine Deluxe,47558.0,2013-09-13,2013-09-30
Q3 2013,8955,Jewtopia,Le Petit Canyon,46437.0,2013-09-20,2013-09-30
Q3 2013,8958,Le joli mai,Icarus Films,55038.0,2013-09-13,2013-09-30
Q3 2013,8960,American Made Movie,Variance Films,45175.0,2013-08-30,2013-09-30
Q3 2013,8964,Tiny Times 2.0,China Lion Film Distribution,43788.0,2013-08-16,2013-09-30
Q3 2013,8968,The Odd Life of Timothy Green,Walt Disney Studios Motion Pictures,51854875.0,2013-08-15,2013-09-30
Q3 2013,8969,Killing Season,Millennium Entertainment,39881.0,2013-07-12,2013-09-30
Q3 2013,8970,The Short Game,The Samuel Goldwyn Company,39819.0,2013-09-20,2013-09-30
Q3 2013,8973,Ip Man: The Final Fight,Well Go USA Entertainment,37884.0,2013-09-20,2013-09-30
Q3 2013,8975,Savannah,Ketchup Entertainment,37240.0,2013-08-23,2013-09-30
Q3 2013,8977,Touchy Feely,Magnolia Pictures,36128.0,2013-09-06,2013-09-30
Q3 2013,8978,Underdogs,Freestyle Releasing,35271.0,2013-08-16,2013-09-30
Q3 2013,8981,I Give It a Year,Magnolia Pictures,34657.0,2013-08-09,2013-09-30
Q3 2013,8982,Contempt2013 Re-release,Rialto Pictures,43763.0,2013-09-06,2013-09-30
Q3 2013,8983,Harvest of Empire,Onyx Films,74624.0,2013-09-28,2013-09-30
Q3 2013,8984,The Servant,Rialto Pictures,36463.0,2013-07-26,2013-09-30
Q3 2013,8987,Somewhere Between,Long Shot Factory,210975.0,2013-08-24,2013-09-30
Q3 2013,8997,Out in the Dark,Breaking Glass Pictures,26966.0,2013-09-27,2013-09-30
Q3 2013,9009,I Used to Be Darker,Strand Releasing,22214.0,2013-09-27,2013-09-30
Q3 2013,9012,V/H/S/2,Magnolia Pictures,21833.0,2013-07-12,2013-09-30
Q3 2013,9016,Tio Papi,Active Fox Productions,21316.0,2013-09-06,2013-09-30
Q3 2013,9018,Our Nixon,Cinedigm Entertainment Group,20584.0,2013-08-30,2013-09-30
Q3 2013,9019,Wedding Palace,GoGoGo Entertainment,19908.0,2013-09-27,2013-09-30
Q3 2013,9021,Whensday,NoCoast Artists,19463.0,2013-08-09,2013-09-30
Q3 2013,9023,Austenland,Sony Pictures Classics,2159041.0,2013-08-16,2013-09-30
Q3 2013,9027,A Single Shot,Tribeca Film,18642.0,2013-09-20,2013-09-30
Q3 2013,9040,Russian Ark2013 Re-release,Kino Lorber,36567.0,2013-09-06,2013-09-30
Q3 2013,9045,Out of the Clear Blue Sky,Area 23a,16050.0,2013-09-06,2013-09-30
Q3 2013,9046,Rising from Ashes,First Run,36754.0,2013-08-02,2013-09-30
Q3 2013,9048,I Declare War,Drafthouse Films,14928.0,2013-08-30,2013-09-30
Q3 2013,9049,Jayne Mansfield's Car,Anchor Bay Films,14836.0,2013-09-13,2013-09-30
Q3 2013,9054,Masquerade,CJ Entertainment,922123.0,2013-09-21,2013-09-30
Q3 2013,9055,Neighboring Sounds,The Cinema Guild,57729.0,2013-08-24,2013-09-30
Q3 2013,9062,Red Obsession,Area 23a,13199.0,2013-09-06,2013-09-30
Q3 2013,9063,Terms and Conditions May Apply,Variance Films,55184.0,2013-07-12,2013-09-30
Q3 2013,9070,36 Saints,Active Fox Productions,11640.0,2013-09-06,2013-09-30
Q3 2013,9079,Shepard & Dark,Music Box Films,10278.0,2013-09-25,2013-09-30
Q3 2013,9081,Arbitrage,Roadside Attractions,7919574.0,2013-09-14,2013-09-30
Q3 2013,9083,Inch'Allah,Entertainment One,9840.0,2013-08-16,2013-09-30
Q3 2013,9085,Antoine and Antoinette,Rialto Pictures,9704.0,2013-09-25,2013-09-30
Q3 2013,9091,The Worst Movie Ever!,Driving With Our Eyes Shut,23696.0,2013-08-19,2013-09-30
Q3 2013,9092,Fire in the Blood,International Film Circuit,28063.0,2013-09-06,2013-09-30
Q3 2013,9093,Hell Baby,Millennium Entertainment,8785.0,2013-09-06,2013-09-30
Q3 2013,9099,Magnificent Desolation: Walking on the Moon 3D,IMAX,34136978.0,2013-09-23,2013-09-30
Q3 2013,9101,Pawn Shop Chronicles,Anchor Bay Films,8088.0,2013-07-12,2013-09-30
Q3 2013,9103,And While We Were Here,Well Go USA Entertainment,7750.0,2013-09-13,2013-09-30
Q3 2013,9111,ParaNorman,Focus Features,56003051.0,2013-08-17,2013-09-30
Q3 2013,9131,Entre les Bras,The Cinema Guild,46355.0,2013-09-14,2013-09-30
Q3 2013,9137,The Act of Killing,Drafthouse Films,486919.0,2013-07-19,2013-09-30
Q3 2013,9139,The Time Being,Tribeca Film,5274.0,2013-07-26,2013-09-30
Q3 2013,9142,Far from Vietnam,Icarus Films,8132.0,2013-08-28,2013-09-30
Q3 2013,9145,Revelation Road 2: The Sea of Glass and Fire,Freestyle Releasing,4871.0,2013-07-12,2013-09-30
Q3 2013,9146,Hôtel Normandy,Rialto Pictures,4640.0,2013-09-27,2013-09-30
Q3 2013,9148,Drug War,Variance Films,127695.0,2013-07-26,2013-09-30
Q3 2013,9158,The Iran Job,Film Movement,22803.0,2013-09-28,2013-09-30
Q3 2013,9161,Morning,Anchor Bay Films,4029.0,2013-09-27,2013-09-30
Q3 2013,9178,Viola,The Cinema Guild,20776.0,2013-07-12,2013-09-30
Q3 2013,9179,Radio Unnameable,Kino Lorber,22114.0,2013-09-19,2013-09-30
Q3 2013,9181,Drew: The Man Behind the Poster,Kino Lorber,3078.0,2013-08-14,2013-09-30
Q3 2013,9182,A Girl and a Gun,First Run,3018.0,2013-07-03,2013-09-30
Q3 2013,9186,Il Futuro,Strand Releasing,12440.0,2013-09-06,2013-09-30
Q3 2013,9187,Justice Is Mind,The Ashton Times,14360.0,2013-08-18,2013-09-30
Q3 2013,9188,Approaching Midnight,Monterey Media,2795.0,2013-08-30,2013-09-30
Q3 2013,9193,Sparrows Dance,Tribeca Film,2602.0,2013-08-23,2013-09-30
Q3 2013,9195,Last Flight of the Champion,High Top Releasing,2597.0,2013-08-30,2013-09-30
Q3 2013,9205,InSpectres,Reactor 88 Studios,2207.0,2013-09-05,2013-09-30
Q3 2013,9222,Guitar Innovators: John Fahey & Nels Cline,First Run,6132.0,2013-08-16,2013-09-30
Q3 2013,9228,Alps,Kino Lorber,16057.0,2013-07-13,2013-09-30
Q3 2013,9235,La Maison de la radio,Kino Lorber,7497.0,2013-09-04,2013-09-30
Q3 2013,9242,Planet of Snail,The Cinema Guild,13613.0,2013-07-25,2013-09-30
Q3 2013,9243,I Spit on Your Grave 2,Anchor Bay Films,809.0,2013-09-20,2013-09-30
Q3 2013,9245,Detropia,Loki Films,382123.0,2013-09-07,2013-09-30
Q3 2013,9247,Computer Chess,Kino Lorber,101718.0,2013-07-17,2013-09-30
Q3 2013,9251,Hammer of the Gods,Magnolia Pictures,641.0,2013-07-05,2013-09-30
Q3 2013,9255,The Well-Digger's Daughter,Kino Lorber,385594.0,2013-07-20,2013-09-30
Q3 2013,9256,Breathing,Kino Lorber,4258.0,2013-08-31,2013-09-30
Q3 2013,9258,Free Radicals: A History of Experimental Film,Kino Lorber,3771.0,2013-08-03,2013-09-30
Q3 2013,9261,Meet the Fokkens,Kino Lorber,29525.0,2013-08-08,2013-09-30
Q3 2013,9263,Port of Shadows,Rialto Pictures,17037.0,2013-09-14,2013-09-30
Q3 2013,9265,Max and the Junkmen,Rialto Pictures,29174.0,2013-08-10,2013-09-30
Q4 2013,8562,The Hunger Games: Catching Fire,Lionsgate,424668047.0,2013-11-22,2013-12-31
Q4 2013,8566,Frozen,Walt Disney Studios Motion Pictures,400227936.0,2013-11-22,2013-12-31
Q4 2013,8567,Gravity,Warner Bros.,274092705.0,2013-10-04,2013-12-31
Q4 2013,8571,Thor: The Dark World,Walt Disney Studios Motion Pictures,204041762.0,2013-11-08,2013-12-31
Q4 2013,8573,The Hobbit: The Desolation of Smaug,Warner Bros.,258366855.0,2013-12-13,2013-12-31
Q4 2013,8588,Captain Phillips,Sony Pictures Releasing,107100855.0,2013-10-11,2013-12-31
Q4 2013,8589,Silver Linings Playbook,The Weinstein Company,132092958.0,2013-11-16,2013-12-31
Q4 2013,8591,Bad Grandpa,Paramount Pictures,102003019.0,2013-10-25,2013-12-31
Q4 2013,8595,Zero Dark Thirty,Sony Pictures Releasing,95720716.0,2013-12-19,2013-12-31
Q4 2013,8596,Django Unchained,The Weinstein Company,162805434.0,2013-12-25,2013-12-31
Q4 2013,8598,Anchorman 2: The Legend Continues,Paramount Pictures,125168368.0,2013-12-18,2013-12-31
Q4 2013,8604,Les Misérables,Universal Pictures,148809770.0,2013-12-25,2013-12-31
Q4 2013,8606,The Hobbit: An Unexpected Journey,Warner Bros.,303003568.0,2013-12-14,2013-12-31
Q4 2013,8611,The Best Man Holiday,Universal Pictures,70525195.0,2013-11-15,2013-12-31
Q4 2013,8613,American Hustle,Sony Pictures Releasing,150117807.0,2013-12-13,2013-12-31
Q4 2013,8618,Last Vegas,CBS Films,63914167.0,2013-11-01,2013-12-31
Q4 2013,8619,Ender's Game,Lionsgate,61737191.0,2013-11-01,2013-12-31
Q4 2013,8624,Free Birds,Relativity Media,55750480.0,2013-11-01,2013-12-31
Q4 2013,8630,Lincoln,Walt Disney Studios Motion Pictures,181591780.0,2013-11-09,2013-12-31
Q4 2013,8633,A Madea Christmas,Lionsgate,52543354.0,2013-12-13,2013-12-31
Q4 2013,8636,Saving Mr. Banks,Walt Disney Studios Motion Pictures,81454218.0,2013-12-13,2013-12-31
Q4 2013,8637,Parental Guidance,Twentieth Century Fox,77267296.0,2013-12-25,2013-12-31
Q4 2013,8640,The Wolf of Wall Street,Paramount Pictures,116900694.0,2013-12-25,2013-12-31
Q4 2013,8642,Life of Pi,Twentieth Century Fox,124987023.0,2013-11-21,2013-12-31
Q4 2013,8643,12 Years a Slave,Fox Searchlight Pictures,56634802.0,2013-10-18,2013-12-31
Q4 2013,8645,Carrie,Screen Gems,35266619.0,2013-10-18,2013-12-31
Q4 2013,8648,Jack Reacher,Paramount Pictures,80070736.0,2013-12-21,2013-12-31
Q4 2013,8652,The Secret Life of Walter Mitty,Twentieth Century Fox,58178353.0,2013-12-25,2013-12-31
Q4 2013,8654,Delivery Man,Walt Disney Studios Motion Pictures,29904680.0,2013-11-22,2013-12-31
Q4 2013,8657,This Is 40,Universal Pictures,67544505.0,2013-12-21,2013-12-31
Q4 2013,8658,Argo,Warner Bros.,136025503.0,2013-10-12,2013-12-31
Q4 2013,8663,Escape Plan,Lionsgate,25135965.0,2013-10-18,2013-12-31
Q4 2013,8665,Walking with Dinosaurs 3D,Twentieth Century Fox,36059762.0,2013-12-20,2013-12-31
Q4 2013,8666,47 Ronin,Universal Pictures,38362475.0,2013-12-25,2013-12-31
Q4 2013,8673,Homefront,Open Road Films (II),20158898.0,2013-11-27,2013-12-31
Q4 2013,8676,Runner Runner,Twentieth Century Fox,19316646.0,2013-10-04,2013-12-31
Q4 2013,8678,The Impossible,Lionsgate,19019882.0,2013-12-21,2013-12-31
Q4 2013,8680,The Book Thief,Twentieth Century Fox,21415417.0,2013-11-08,2013-12-31
Q4 2013,8685,Philomena,The Weinstein Company,37709979.0,2013-11-22,2013-12-31
Q4 2013,8686,The Counsellor,Twentieth Century Fox,16956136.0,2013-10-25,2013-12-31
Q4 2013,8687,Grudge Match,Warner Bros.,29807260.0,2013-12-25,2013-12-31
Q4 2013,8690,Dallas Buyers Club,Focus Features,27298285.0,2013-11-01,2013-12-31
Q4 2013,8691,About Time,Universal Pictures,15322921.0,2013-11-01,2013-12-31
Q4 2013,8693,The Guilt Trip,Paramount Pictures,37134215.0,2013-12-19,2013-12-31
Q4 2013,8695,Skyfall,Sony Pictures Releasing,304164760.0,2013-11-09,2013-12-31
Q4 2013,8696,"Monsters, Inc.2012 3D Release",Walt Disney Studios Motion Pictures,32103029.0,2013-12-19,2013-12-31
Q4 2013,8697,Rise of the Guardians,DreamWorks,103412758.0,2013-11-21,2013-12-31
Q4 2013,8699,Out of the Furnace,Relativity Media,11330849.0,2013-12-04,2013-12-31
Q4 2013,8701,Wreck-It Ralph,Walt Disney Studios Motion Pictures,186816706.0,2013-11-02,2013-12-31
Q4 2013,8707,Machete Kills,Open Road Films (II),8008161.0,2013-10-11,2013-12-31
Q4 2013,8709,Promised Land,Focus Features,7597898.0,2013-12-28,2013-12-31
Q4 2013,8711,Black Nativity,Fox Searchlight Pictures,7013679.0,2013-11-27,2013-12-31
Q4 2013,8714,Amour,Sony Pictures Classics,6739492.0,2013-12-19,2013-12-31
Q4 2013,8716,Nebraska,Paramount Pictures,17654912.0,2013-11-15,2013-12-31
Q4 2013,8718,All Is Lost,Roadside Attractions,6263670.0,2013-10-18,2013-12-31
Q4 2013,8719,The Twilight Saga: Breaking Dawn - Part 2,Lionsgate,292324737.0,2013-11-16,2013-12-31
Q4 2013,8720,Pulling Strings,Lionsgate,5842961.0,2013-10-04,2013-12-31
Q4 2013,8725,Mandela: Long Walk to Freedom,The Weinstein Company,8323085.0,2013-11-29,2013-12-31
Q4 2013,8726,Inside Llewyn Davis,CBS Films,13235319.0,2013-12-06,2013-12-31
Q4 2013,8728,Justin Bieber's Believe,Open Road Films (II),6206566.0,2013-12-25,2013-12-31
Q4 2013,8730,Hyde Park on Hudson,Focus Features,6376145.0,2013-12-07,2013-12-31
Q4 2013,8731,Cirque du Soleil: Worlds Away,Paramount Pictures,12512862.0,2013-12-21,2013-12-31
Q4 2013,8737,The Fifth Estate,Walt Disney Studios Motion Pictures,3255008.0,2013-10-18,2013-12-31
Q4 2013,8741,Goliyon Ki Rasleela Ram-Leela,Eros International,2738863.0,2013-11-15,2013-12-31
Q4 2013,8743,Grace Unplugged,Roadside Attractions,2507201.0,2013-10-04,2013-12-31
Q4 2013,8747,I'm in Love with a Church Girl,High Top Releasing,2387730.0,2013-10-18,2013-12-31
Q4 2013,8753,The Christmas Candle,EchoLight Studios,2258620.0,2013-11-15,2013-12-31
Q4 2013,8754,Krrish 3,Eros International,2191534.0,2013-11-01,2013-12-31
Q4 2013,8755,Oldboy,FilmDistrict,2193658.0,2013-11-27,2013-12-31
Q4 2013,8758,Blue Is the Warmest Color,IFC Films,2199787.0,2013-10-25,2013-12-31
Q4 2013,8759,Anna Karenina,Focus Features,12816367.0,2013-11-16,2013-12-31
Q4 2013,8761,Her,Warner Bros.,25568251.0,2013-12-18,2013-12-31
Q4 2013,8762,Flying Monsters 3D with David Attenborough,National Geographic Entertainment,5705874.0,2013-10-07,2013-12-31
Q4 2013,8763,Flight,Paramount Pictures,93772375.0,2013-11-02,2013-12-31
Q4 2013,8772,The Saratov Approach,Purdie Distribution,2146999.0,2013-10-09,2013-12-31
Q4 2013,8774,Rust and Bone,Sony Pictures Classics,2062027.0,2013-11-23,2013-12-31
Q4 2013,8778,Red Dawn,FilmDistrict,44806783.0,2013-11-21,2013-12-31
Q4 2013,8782,Here Comes the Boom,Sony Pictures Releasing,45290318.0,2013-10-12,2013-12-31
Q4 2013,8788,Romeo & Juliet,Relativity Media,1162635.0,2013-10-11,2013-12-31
Q4 2013,8798,Kill Your Darlings,Sony Pictures Classics,1030064.0,2013-10-16,2013-12-31
Q4 2013,8799,A Royal Affair,Magnolia Pictures,1546761.0,2013-11-09,2013-12-31
Q4 2013,8800,Taken 2,Twentieth Century Fox,139854287.0,2013-10-05,2013-12-31
Q4 2013,8801,Hitchcock,Fox Searchlight Pictures,6008677.0,2013-11-23,2013-12-31
Q4 2013,8802,Galapagos,IMAX,18627957.0,2013-10-29,2013-12-31
Q4 2013,8806,The Great Beauty,Janus Films,2852400.0,2013-11-15,2013-12-31
Q4 2013,8812,Besharam,Reliance Big Pictures,679866.0,2013-10-02,2013-12-31
Q4 2013,8817,On the Road,IFC Films,744296.0,2013-12-21,2013-12-31
Q4 2013,8819,The Other Son,Cohen Media Group,1285918.0,2013-10-26,2013-12-31
Q4 2013,8820,Frankenweenie,Walt Disney Studios Motion Pictures,35291068.0,2013-10-05,2013-12-31
Q4 2013,8824,Chasing Ice,Submarine Deluxe,1328467.0,2013-11-09,2013-12-31
Q4 2013,8826,The Face Reader,Pan Media & Entertainment,515876.0,2013-10-04,2013-12-31
Q4 2013,8827,Not Fade Away,Paramount Vantage,610792.0,2013-12-21,2013-12-31
Q4 2013,8828,The Inevitable Defeat of Mister & Pete,Lionsgate,494608.0,2013-10-11,2013-12-31
Q4 2013,8830,The Sessions,Fox Searchlight Pictures,6002451.0,2013-10-19,2013-12-31
Q4 2013,8838,Playing for Keeps,FilmDistrict,13103272.0,2013-12-07,2013-12-31
Q4 2013,8840,Puella Magi Madoka Magica the Movie Part III: Rebellion,Eleven Arts,375627.0,2013-12-03,2013-12-31
Q4 2013,8845,Gori Tere Pyaar Mein!,Reliance Big Pictures,342184.0,2013-11-22,2013-12-31
Q4 2013,8846,Dabangg 2,Eros International,2519190.0,2013-12-21,2013-12-31
Q4 2013,8848,Diana,Entertainment One,335359.0,2013-11-01,2013-12-31
Q4 2013,8849,The Armstrong Lie,Sony Pictures Classics,383294.0,2013-11-08,2013-12-31
Q4 2013,8851,Cloud Atlas,Warner Bros.,27108272.0,2013-10-26,2013-12-31
Q4 2013,8854,Linsanity,Ketchup Entertainment,302645.0,2013-10-04,2013-12-31
Q4 2013,8857,West of Memphis,Sony Pictures Classics,310154.0,2013-12-25,2013-12-31
Q4 2013,8858,A Late Quartet,Entertainment One,1562548.0,2013-11-02,2013-12-31
Q4 2013,8860,Great Expectations,Main Street Films,258656.0,2013-11-08,2013-12-31
Q4 2013,8861,Personal Tailor,China Lion Film Distribution,375892.0,2013-12-20,2013-12-31
Q4 2013,8863,August: Osage County,The Weinstein Company,37738810.0,2013-12-27,2013-12-31
Q4 2013,8869,Singh Saab the Great,Eros International,225668.0,2013-11-22,2013-12-31
Q4 2013,8877,Lone Survivor,Universal Pictures,125095601.0,2013-12-25,2013-12-31
Q4 2013,8885,R... Rajkumar,Eros International,166503.0,2013-12-06,2013-12-31
Q4 2013,8891,Narco Cultura,Cinedigm Entertainment Group,145088.0,2013-11-22,2013-12-31
Q4 2013,8902,A.C.O.D.,The Film Arcade,172344.0,2013-10-04,2013-12-31
Q4 2013,8903,Is the Man Who Is Tall Happy?,IFC Films,137042.0,2013-11-22,2013-12-31
Q4 2013,8907,Killing Them Softly,The Weinstein Company,14947716.0,2013-11-30,2013-12-31
Q4 2013,8908,The Punk Singer,IFC Films,122742.0,2013-11-29,2013-12-31
Q4 2013,8911,A Touch of Sin,Kino Lorber,154005.0,2013-10-04,2013-12-31
Q4 2013,8914,The Broken Circle Breakdown,Tribeca Film,171142.0,2013-11-01,2013-12-31
Q4 2013,8916,Man of Tai Chi,RADiUS-TWC,100144.0,2013-11-01,2013-12-31
Q4 2013,8917,Puella Magi Madoka Magica the Movie Part 1: Beginnings,Eleven Arts,178940.0,2013-10-19,2013-12-31
Q4 2013,8920,The Past,Sony Pictures Classics,1331747.0,2013-12-20,2013-12-31
Q4 2013,8925,Commitment,Well Go USA Entertainment,76543.0,2013-12-06,2013-12-31
Q4 2013,8926,Spinning Plates,The Film Arcade,109757.0,2013-10-25,2013-12-31
Q4 2013,8928,Bettie Page Reveals All,Music Box Films,103365.0,2013-11-22,2013-12-31
Q4 2013,8929,Seasons of Gray,EchoLight Studios,70605.0,2013-10-18,2013-12-31
Q4 2013,8933,Let the Fire Burn,Zeitgeist Films,61038.0,2013-10-02,2013-12-31
Q4 2013,8936,How I Live Now,Magnolia Pictures,60213.0,2013-11-08,2013-12-31
Q4 2013,8937,The Pervert's Guide to Ideology,Zeitgeist Films,60914.0,2013-11-01,2013-12-31
Q4 2013,8939,Chasing Mavericks,Twentieth Century Fox,6002756.0,2013-10-26,2013-12-31
Q4 2013,8943,Journey to the South Pacific,IMAX,7642450.0,2013-11-27,2013-12-31
Q4 2013,8948,The Invisible Woman,Sony Pictures Classics,1234254.0,2013-12-25,2013-12-31
Q4 2013,8949,The Square,Noujaim Films,52954.0,2013-10-25,2013-12-31
Q4 2013,8959,Reaching for the Moon,Wolfe Releasing,45502.0,2013-11-08,2013-12-31
Q4 2013,8965,Concussion,RADiUS-TWC,42606.0,2013-10-04,2013-12-31
Q4 2013,8967,CBGB,XLrator Media,40400.0,2013-10-04,2013-12-31
Q4 2013,8971,Faust,Leisure Time Features,53329.0,2013-11-15,2013-12-31
Q4 2013,8972,Escape Fire: The Fight to Rescue American Healthcare,Roadside Attractions,126238.0,2013-10-05,2013-12-31
Q4 2013,8974,Big Sur,Ketchup Entertainment,37466.0,2013-11-01,2013-12-31
Q4 2013,8985,Running from Crazy,Vitagraph Films,33300.0,2013-11-01,2013-12-31
Q4 2013,8986,Dislecksia: The Movie,Area 23a,33066.0,2013-10-04,2013-12-31
Q4 2013,8988,Gregory Crewdson: Brief Encounters,Zeitgeist Films,60064.0,2013-11-02,2013-12-31
Q4 2013,8989,Long Shot: The Kevin Laue Story2013 Re-release,Cinipix,29863.0,2013-10-25,2013-12-31
Q4 2013,8993,Mauvais Sang2013 Re-release,Carlotta Films,29728.0,2013-11-29,2013-12-31
Q4 2013,8994,Broadway Idiot,FilmBuff,27595.0,2013-10-11,2013-12-31
Q4 2013,8999,At Berkeley,Zipporah Films,29394.0,2013-11-08,2013-12-31
Q4 2013,9000,Sinister,Lionsgate,48086903.0,2013-10-12,2013-12-31
Q4 2013,9005,Dear Mr. Watterson,Submarine Deluxe,23899.0,2013-11-15,2013-12-31
Q4 2013,9008,The Last Days on Mars,Magnolia Pictures,24084.0,2013-12-06,2013-12-31
Q4 2013,9010,Murder Eleven,Indican Pictures,22107.0,2013-10-02,2013-12-31
Q4 2013,9020,Bad Milo,Magnolia Pictures,19613.0,2013-10-04,2013-12-31
Q4 2013,9022,These Birds Walk,Oscilloscope,30408.0,2013-11-01,2013-12-31
Q4 2013,9024,Alex Cross,Lionsgate,25888412.0,2013-10-19,2013-12-31
Q4 2013,9029,Twice Born,Entertainment One,18295.0,2013-12-06,2013-12-31
Q4 2013,9030,Torn,Film Collective,18202.0,2013-10-18,2013-12-31
Q4 2013,9031,Casting By,Submarine Deluxe,18164.0,2013-11-01,2013-12-31
Q4 2013,9032,Talaash,Reliance Big Pictures,2871956.0,2013-11-30,2013-12-31
Q4 2013,9035,Hitler's Children,Film Movement,27999.0,2013-11-16,2013-12-31
Q4 2013,9037,Cousin Jules,The Cinema Guild,19188.0,2013-11-29,2013-12-31
Q4 2013,9041,In Another Country,Kino Lorber,24823.0,2013-11-09,2013-12-31
Q4 2013,9042,As I Lay Dying,Millennium Entertainment,16697.0,2013-10-11,2013-12-31
Q4 2013,9044,The Rabbi's Cat,GKIDS,23392.0,2013-12-07,2013-12-31
Q4 2013,9051,A Werewolf Boy,CJ Entertainment,342922.0,2013-11-30,2013-12-31
Q4 2013,9057,Design Is One: The Vignellis,First Run,14078.0,2013-10-11,2013-12-31
Q4 2013,9058,North Sea Texas2012 Re-release,Strand Releasing,25850.0,2013-11-02,2013-12-31
Q4 2013,9061,Paranormal Activity 4,Paramount Pictures,53900335.0,2013-10-19,2013-12-31
Q4 2013,9067,Shahid,UTV Motion Pictures,12153.0,2013-10-18,2013-12-31
Q4 2013,9068,My Worst Nightmare,Strand Releasing,20092.0,2013-10-19,2013-12-31
Q4 2013,9069,Charlie Countryman,Millennium Entertainment,11650.0,2013-11-15,2013-12-31
Q4 2013,9071,The Flat,IFC Films,471842.0,2013-10-19,2013-12-31
Q4 2013,9077,Liv & Ingmar,Janus Films,10347.0,2013-12-13,2013-12-31
Q4 2013,9082,In the Name of,Film Movement,9883.0,2013-10-30,2013-12-31
Q4 2013,9084,Birth of the Living Dead,First Run,9802.0,2013-10-18,2013-12-31
Q4 2013,9087,Zero Charisma,Tribeca Film,9417.0,2013-10-11,2013-12-31
Q4 2013,9095,The Institute,Argot Pictures,8445.0,2013-10-04,2013-12-31
Q4 2013,9100,Wagner & Me2012 Re-release,First Run,37332.0,2013-12-07,2013-12-31
Q4 2013,9102,Nothing Left to Fear,Anchor Bay Films,7886.0,2013-10-04,2013-12-31
Q4 2013,9108,Ghost Team One,The Film Arcade,7345.0,2013-10-11,2013-12-31
Q4 2013,9110,All Together,Kino Lorber,42245.0,2013-10-19,2013-12-31
Q4 2013,9114,Sal,Tribeca Film,6883.0,2013-11-01,2013-12-31
Q4 2013,9116,Breakfast with Curtis,Abramorama,6629.0,2013-12-04,2013-12-31
Q4 2013,9118,Finding Mr. Right,China Lion Film Distribution,6579.0,2013-11-08,2013-12-31
Q4 2013,9122,Some Velvet Morning,Tribeca Film,6420.0,2013-12-13,2013-12-31
Q4 2013,9126,The Selfish Giant,IFC Films,12189.0,2013-12-20,2013-12-31
Q4 2013,9132,Only the Young,Oscilloscope,10010.0,2013-12-07,2013-12-31
Q4 2013,9135,Five Dances,Paladin,5788.0,2013-10-04,2013-12-31
Q4 2013,9140,Paradise: Hope,Strand Releasing,5101.0,2013-12-06,2013-12-31
Q4 2013,9143,Futaba kara tooku hanarete,First Run,4960.0,2013-12-11,2013-12-31
Q4 2013,9147,All Is Bright,Anchor Bay Films,4556.0,2013-10-04,2013-12-31
Q4 2013,9149,What's in a Name?,Under The Milky Way,7785.0,2013-12-13,2013-12-31
Q4 2013,9150,Deadfall,Magnolia Pictures,66351.0,2013-12-07,2013-12-31
Q4 2013,9151,The Revisionaries,Kino Lorber,22113.0,2013-10-05,2013-12-31
Q4 2013,9152,The Man Who Shook the Hand of Vicente Fernandez,Indican Pictures,9890.0,2013-12-07,2013-12-31
Q4 2013,9153,Maidentrip,First Run,7258.0,2013-12-20,2013-12-31
Q4 2013,9157,Weekend of a Champion,Submarine Deluxe,4100.0,2013-11-22,2013-12-31
Q4 2013,9159,Back to 1942,China Lion Film Distribution,312954.0,2013-11-30,2013-12-31
Q4 2013,9162,Approved for Adoption2013 Re-release,GKIDS,4015.0,2013-11-08,2013-12-31
Q4 2013,9166,Any Day Now,Music Box Films,189041.0,2013-12-14,2013-12-31
Q4 2013,9168,Django,Rialto Pictures,17137.0,2013-12-21,2013-12-31
Q4 2013,9170,Mr. Nobody2013 Re-release,Magnolia Pictures,3622.0,2013-11-01,2013-12-31
Q4 2013,9172,Tricked,Kino Lorber,3533.0,2013-12-13,2013-12-31
Q4 2013,9174,Swerve,Cohen Media Group,3338.0,2013-12-06,2013-12-31
Q4 2013,9175,The Law in These Parts,The Cinema Guild,13597.0,2013-11-16,2013-12-31
Q4 2013,9184,Smashed,Sony Pictures Classics,376597.0,2013-10-12,2013-12-31
Q4 2013,9189,The End of Time,First Run,3284.0,2013-11-29,2013-12-31
Q4 2013,9191,Here Comes the Devil,Magnolia Pictures,4534.0,2013-12-13,2013-12-31
Q4 2013,9197,Starlet,Music Box Films,86994.0,2013-11-09,2013-12-31
Q4 2013,9200,The Last Day of August,Striped Entertainment,2492.0,2013-10-04,2013-12-31
Q4 2013,9201,Orchestra of Exiles,First Run,27118.0,2013-10-26,2013-12-31
Q4 2013,9209,The Polar Express2012 IMAX Release,Warner Bros.,669289.0,2013-11-21,2013-12-31
Q4 2013,9210,Best Man Down,Magnolia Pictures,1938.0,2013-11-08,2013-12-31
Q4 2013,9217,"Now, Forager",Argot Pictures,11146.0,2013-10-03,2013-12-31
Q4 2013,9220,Small Change,The Film Desk,37610.0,2013-11-24,2013-12-31
Q4 2013,9221,A Man Vanishes2012 Re-release,Icarus Films,6201.0,2013-11-15,2013-12-31
Q4 2013,9226,Sister,Adopt Films,153561.0,2013-10-05,2013-12-31
Q4 2013,9230,The Bride Wore Black,The Film Desk,42324.0,2013-11-04,2013-12-31
Q4 2013,9231,Caught in the Web,Vitagraph Films,1067.0,2013-11-27,2013-12-31
Q4 2013,9232,Khumba,Millennium Entertainment,1029.0,2013-12-06,2013-12-31
Q4 2013,9236,Boule & Bill,Distrib Films,894.0,2013-11-08,2013-12-31
Q4 2013,9238,Terkel in Trouble2010 Re-release,Indican Pictures,39885.0,2013-10-15,2013-12-31
Q4 2013,9239,The Man in the White Suit,Rialto Pictures,8265.0,2013-11-16,2013-12-31
Q4 2013,9246,The Ghastly Love of Johnny X,Strand Releasing,830.0,2013-10-26,2013-12-31
Q4 2013,9260,Trouble Every Day2013 Re-release,The Film Desk,7191.0,2013-10-11,2013-12-31
Q4 2013,9264,To Die Is Hard,Driving With Our Eyes Shut,4549.0,2013-12-17,2013-12-31
